CREATE TABLE DEPT (
    DNO NUMBER(2),
    DNAME VARCHAR2(14),
	LOC VARCHAR2(13) ) ;
    
CREATE TABLE EMP (
     ENO NUMBER(4),
	 ENAME VARCHAR2(10),
 	 JOB   VARCHAR2(9),
	 MANAGER  NUMBER(4),
	 HIREDATE DATE,
	 SALARY NUMBER(7,2),
	 COMMISSION NUMBER(7,2),
	 DNO NUMBER(2));    

-- ex_user set
DROP TABLE EMPLOYEE;
DROP TABLE DEPARTMENT;
DROP TABLE SALGRADE;

CREATE TABLE DEPARTMENT
        (DNO NUMBER(2) CONSTRAINT PK_DEPT PRIMARY KEY,
         DNAME VARCHAR2(14),
	 LOC   VARCHAR2(13) ) ;
CREATE TABLE EMPLOYEE 
        (ENO NUMBER(4) CONSTRAINT PK_EMP PRIMARY KEY,
	 ENAME VARCHAR2(10),
 	 JOB   VARCHAR2(9),
	 MANAGER  NUMBER(4),
	 HIREDATE DATE,
	 SALARY NUMBER(7,2),
	 COMMISSION NUMBER(7,2),
	 DNO NUMBER(2) CONSTRAINT FK_DNO REFERENCES DEPARTMENT);
CREATE TABLE SALGRADE
        (GRADE NUMBER,
	 LOSAL NUMBER,
	 HISAL NUMBER );

INSERT INTO DEPARTMENT VALUES (10,'ACCOUNTING','NEW YORK');
INSERT INTO DEPARTMENT VALUES (20,'RESEARCH','DALLAS');
INSERT INTO DEPARTMENT VALUES (30,'SALES','CHICAGO');
INSERT INTO DEPARTMENT VALUES (40,'OPERATIONS','BOSTON');

INSERT INTO EMPLOYEE VALUES
(7369,'SMITH','CLERK',    7902,to_date('17-12-1980','dd-mm-yyyy'),800,NULL,20);
INSERT INTO EMPLOYEE VALUES
(7499,'ALLEN','SALESMAN', 7698,to_date('20-2-1981', 'dd-mm-yyyy'),1600,300,30);
INSERT INTO EMPLOYEE VALUES
(7521,'WARD','SALESMAN',  7698,to_date('22-2-1981', 'dd-mm-yyyy'),1250,500,30);
INSERT INTO EMPLOYEE VALUES
(7566,'JONES','MANAGER',  7839,to_date('2-4-1981',  'dd-mm-yyyy'),2975,NULL,20);
INSERT INTO EMPLOYEE VALUES
(7654,'MARTIN','SALESMAN',7698,to_date('28-9-1981', 'dd-mm-yyyy'),1250,1400,30);
INSERT INTO EMPLOYEE VALUES
(7698,'BLAKE','MANAGER',  7839,to_date('1-5-1981',  'dd-mm-yyyy'),2850,NULL,30);
INSERT INTO EMPLOYEE VALUES
(7782,'CLARK','MANAGER',  7839,to_date('9-6-1981',  'dd-mm-yyyy'),2450,NULL,10);
INSERT INTO EMPLOYEE VALUES
(7788,'SCOTT','ANALYST',  7566,to_date('13-07-1987', 'dd-mm-yyyy'),3000,NULL,20);
INSERT INTO EMPLOYEE VALUES
(7839,'KING','PRESIDENT', NULL,to_date('17-11-1981','dd-mm-yyyy'),5000,NULL,10);
INSERT INTO EMPLOYEE VALUES
(7844,'TURNER','SALESMAN',7698,to_date('8-9-1981',  'dd-mm-yyyy'),1500,0,30);
INSERT INTO EMPLOYEE VALUES
(7876,'ADAMS','CLERK',    7788,to_date('13-07-1987', 'dd-mm-yyyy'),1100,NULL,20);
INSERT INTO EMPLOYEE VALUES
(7900,'JAMES','CLERK',    7698,to_date('3-12-1981', 'dd-mm-yyyy'),950,NULL,30);
INSERT INTO EMPLOYEE VALUES
(7902,'FORD','ANALYST',   7566,to_date('3-12-1981', 'dd-mm-yyyy'),3000,NULL,20);
INSERT INTO EMPLOYEE VALUES
(7934,'MILLER','CLERK',   7782,to_date('23-1-1982', 'dd-mm-yyyy'),1300,NULL,10);

INSERT INTO SALGRADE VALUES (1, 700,1200);
INSERT INTO SALGRADE VALUES (2,1201,1400);
INSERT INTO SALGRADE VALUES (3,1401,2000);
INSERT INTO SALGRADE VALUES (4,2001,3000);
INSERT INTO SALGRADE VALUES (5,3001,9999);

COMMIT;

--chap02_ex2
--3. 긴 이름을 저장할 수 있도록 EMP테이블을 수정하세요.(ENAME칼럼) 
ALTER TABLE emp 
MODIFY ename VARCHAR2(25); 
 
 

--4. EMPLOYEE테이블을 복사해서 EMPLOYEE2란 이름의 테이블을 생성하되 사원번호, 이름, 급여, 부서번호 칼럼만 복사하고  
--새로 생성된 칼럼명을 각각 EMP_ID, NAME, SAL, DEPT_ID로 지정하세요, 

CREATE TABLE EMPLOYEE2 AS 
SELECT ENO, ENAME, SALARY, DNO
FROM EMPLOYEE;

ALTER TABLE EMPLOYEE2 RENAME COLUMN ENO TO EMP_ID;
ALTER TABLE EMPLOYEE2 RENAME COLUMN ENAME TO NAME;
ALTER TABLE EMPLOYEE2 RENAME COLUMN SALARY TO SAL;
ALTER TABLE EMPLOYEE2 RENAME COLUMN DNO TO DEPT_ID;


CREATE TABLE employee2(emp_id,name, sal, dept_id) 
AS 
SELECT eno,ename,salary, dno FROM employee; 
 
 
--5. EMP 테이블을 삭제하세요 

DROP TABLE emp; 

 

--6. EMPLOYEE2테이블의 이름을 EMP로 변경하세요 

ALTER TABLE EMPLOYEE2 RENAME TO EMP;
RENAME employee2 to EMP; 


--7. DEPT 테이블에서 DNAME 칼럼을 제거하세요 

ALTER TABLE dept 
DROP COLUMN dname; 

--8. DEPT 테이블에서 LOC칼럼을 UNUSED로 표시하세요. 

ALTER TABLE DEPT RENAME COLUMN LOC TO UNUSED;

ALTER TABLE dept 
SET UNUSED(loc); 

-- 9. UNUSED 컬럼을 모두 제거하세요. 

ALTER TABLE dept 
DROP UNUSED COLUMNS; 


     